id,batchID,batchIDLastChangedAt,gameID,gameIDLastChangedAt,playerID,playerIDLastChangedAt
01KC79WY2TQPRV5MMDGKXCNP3V,01KC79Q9731QPJ5QS5ZM23RYR5,2025-12-11T18:13:45.178412707Z,01KC79Q99654F9ET04XN20XZEB,2025-12-11T18:13:45.178412707Z,01KC79FR7J946W03Q3R68B07N0,2025-12-11T18:13:45.178412707Z
01KC79WY38BBN9VK7K0S8NG9DS,01KC79Q9731QPJ5QS5ZM23RYR5,2025-12-11T18:13:45.192686068Z,01KC79Q99654F9ET04XN20XZEB,2025-12-11T18:13:45.192686068Z,01KC79MEVDC6YXX778NYECD3DD,2025-12-11T18:13:45.192686068Z
01KC79GJTZWPKT4E7GHEPV992V,01KC792RDGGK8CDH8Q95GZY5QB,2025-12-11T18:07:00.447386197Z,01KC792RDTTPADJ08M6VFTYHNX,2025-12-11T18:07:00.447386197Z,01KC79BHJKGC0XHEWP58WMSD78,2025-12-11T18:07:00.447386197Z
01KC79JWQCZGQD5NN1SZCK4J9C,01KC792QXFDTTSEYSKJSE46MFT,2025-12-11T18:08:16.108386672Z,01KC792QXT26YC6BEFZ6Z9RW21,2025-12-11T18:08:16.108386672Z,01KC79GGQVV2F88NW7MBP8PDXB,2025-12-11T18:08:16.108386672Z
01KC79PT74H3KXKA2540ET37MP,01KC792PXGTWWGJ3W8WN91YRG2,2025-12-11T18:10:24.61266589Z,01KC792PXTR0N6KYBS1YKZHZ15,2025-12-11T18:10:24.61266589Z,01KC79G8091JHS7S2PA0X7BWZD,2025-12-11T18:10:24.61266589Z
01KC79R42F4J15T033C3S708FB,01KC792QDM8ER77KTTG8XHXEJ6,2025-12-11T18:11:07.471162465Z,01KC792QDY5PWY64QNNCK4BSVK,2025-12-11T18:11:07.471162465Z,01KC79KVXV72NY0KBKSQ4SBV0S,2025-12-11T18:11:07.471162465Z
01KC7AE7TPC2MCPETVB8Q0D2D6,01KC79VJKE866YDMKWKSSCRSG8,2025-12-11T18:23:12.214240913Z,01KC79VK0HYCMYG94EPY3TV8PH,2025-12-11T18:23:12.214240913Z,01KC7A637SDW3PJEGE6BSF4C0Q,2025-12-11T18:23:12.214240913Z
01KC79ZG28DC4J4JXZRW5CWP4N,01KC79VH8D3XDVE6Y37QAVSJQX,2025-12-11T18:15:09.128626411Z,01KC79VHBZ10QQXP0BWPHPEQ88,2025-12-11T18:15:09.128626411Z,01KC79VM9MJR7NCG9CNRZ8RRM0,2025-12-11T18:15:09.128626411Z
01KC7A0X44BG4HHE38JJB8BZR0,01KC79VHM39RKDQ5AVAA0Z0XN2,2025-12-11T18:15:55.268334248Z,01KC79VHQXS5144TA5BP0D53S4,2025-12-11T18:15:55.268334248Z,01KC79VA8M98QPTD70XDPZ3WPD,2025-12-11T18:15:55.268334248Z
01KC7A7H2J5FCMWHX2EXS7JYXK,01KC79VJ7VQR2HR116V55XY14K,2025-12-11T18:19:32.307011835Z,01KC79VJDQXC2W66T6DBS0M1ZZ,2025-12-11T18:19:32.307011835Z,01KC7A32NK8ATF83E3BG0K24Q8,2025-12-11T18:19:32.307011835Z
01KC79N3BZF1S8Y0BJZRFMR6CR,01KC792NT3GNWPDN4K2DAPSNHC,2025-12-11T18:09:28.447942268Z,01KC792NTEQ8JKXK344BFAF58E,2025-12-11T18:09:28.447942268Z,01KC79HAYC0GW9EB6ESCFZWCXF,2025-12-11T18:09:28.447942268Z
01KC79RQ58J5YG1XX4DG07DZXW,01KC792QR6XXN61ZXWP8M9MPK8,2025-12-11T18:11:27.016162854Z,01KC792QRJCW2RMKD50WKTBMJB,2025-12-11T18:11:27.016162854Z,01KC79HDXZXQHKQG73XVPYYATJ,2025-12-11T18:11:27.016162854Z
01KC79XVBA3KDS8FMQZ2V5C0EM,01KC79Q5TFKGNAN8RQVVBH04JK,2025-12-11T18:14:15.146942304Z,01KC79Q5VKEKA6F68YHYY2PTG3,2025-12-11T18:14:15.146942304Z,01KC79S5BJ3FZ8KQYQ00B8BDAB,2025-12-11T18:14:15.146942304Z
01KC79PQ8EPXAPDHT98MRHSTX2,01KC792PMN6AE3E5M91Z7BDJS6,2025-12-11T18:10:21.582367796Z,01KC792PN2B9Z90QKN7KTG1F5T,2025-12-11T18:10:21.582367796Z,01KC79H6RT5T3CXH090C3TDFH6,2025-12-11T18:10:21.582367796Z
01KC79S01PHCA5PZP0SG23HRZJ,01KC792R3GAQ93Y2KWRDZ6PHKT,2025-12-11T18:11:36.118847466Z,01KC792R3VN56ANE0EJ3WM1V55,2025-12-11T18:11:36.118847466Z,01KC79GWXG2AN5SGG1MDP4PN8P,2025-12-11T18:11:36.118847466Z
01KC79Z290Q045W71CM6HWVSZM,01KC79Q7J7QADCZGK8XSKJE216,2025-12-11T18:14:55.008490051Z,01KC79Q7KZQDNHF5M1TY59AJCV,2025-12-11T18:14:55.008490051Z,01KC79P9S0Z4R3SF0X9X4XTCT3,2025-12-11T18:14:55.008490051Z
01KC7A2DJ3621JFRPQT9N7KSM1,01KC79VHVA3W05MJ5T7R51WJGB,2025-12-11T18:16:44.867276532Z,01KC79VJ1C3ZDY5HF0N9GH13VS,2025-12-11T18:16:44.867276532Z,01KC79NSCJNC3W3WKQSTNSABT1,2025-12-11T18:16:44.867276532Z
01KC79GMH6QVNKX52PN6XY4RV2,01KC792RKV2EEPDB2VKNCS5H0N,2025-12-11T18:07:02.182503729Z,01KC792RM5H8250G7S7JGPBJ2K,2025-12-11T18:07:02.182503729Z,01KC79BQE5NEVJ38SXM2BYNA5G,2025-12-11T18:07:02.182503729Z
01KC79HBCG00E7DANFTPHY68M1,01KC792RZXSW2VJJ9MYY3HWKT7,2025-12-11T18:07:25.58442539Z,01KC792S06J6QXCJ8HVDY29CGM,2025-12-11T18:07:25.58442539Z,01KC79AZHPWTK69BY5J67B7E59,2025-12-11T18:07:25.58442539Z
01KC79M3HSK84SJ06PQA442BN5,01KC792KZR2KPNFT8RETH9PVJY,2025-12-11T18:08:55.865570257Z,01KC792M0BM7GTS3CCE5Y5ZV08,2025-12-11T18:08:55.865570257Z,01KC79G14XK1NG6DCJEPA48E3G,2025-12-11T18:08:55.865570257Z
01KC79PETRQMFKQ9T9SB3SD4T9,01KC792PFK3W14G4ZFE0JVZG1C,2025-12-11T18:10:12.952201825Z,01KC792PFW6AVG96T52RTPX57B,2025-12-11T18:10:12.952201825Z,01KC79MGE1EBBG51JQQHMZ6RXY,2025-12-11T18:10:12.952201825Z
01KC7A4YT5PYBGGHK8T443306N,01KC79VJ1XZ02D6PCVP5WH7QJ5,2025-12-11T18:18:08.069265612Z,01KC79VJ6S95MS6XD8D1HAJ57N,2025-12-11T18:18:08.069265612Z,01KC7A1SBREQ8RTRBGZ3A26DAR,2025-12-11T18:18:08.069265612Z
01KC7APNCEBESHDQF2WN9YP4XY,01KC79VJXXPSPD2VWHGZ052C31,2025-12-11T18:27:48.23875295Z,01KC79VK797V9N954PGYD7K2K1,2025-12-11T18:27:48.23875295Z,01KC7AK6GSCZTH4VWGBVP3TKDW,2025-12-11T18:27:48.23875295Z
01KC7AQ254PHZ48E221XVMR3MH,01KC79VK7TM02CNZ35QA1DJMGE,2025-12-11T18:28:01.316962558Z,01KC79VKMCBGAZ7NXS8D0WYXB0,2025-12-11T18:28:01.316962558Z,01KC7AJXSZJ5EGB9R2VF9V0GWN,2025-12-11T18:28:01.316962558Z
01KC79HQ9Q8Z5WAHQCFVJ18YNT,01KC792S5XKA02FKX43NFPRQY2,2025-12-11T18:07:37.783824158Z,01KC792S662BJ5HPY24M0VV8VJ,2025-12-11T18:07:37.783824158Z,01KC79G6GD2ZRB70H9GZQ1HV8N,2025-12-11T18:07:37.783824158Z
01KC79KPKSGJFH9ENN5KKVS9FG,01KC792PRTZHWRJ2KMDQQMG00W,2025-12-11T18:08:42.617499912Z,01KC792PS59W7MMQWZYWR4N84V,2025-12-11T18:08:42.617499912Z,01KC79EQ5VGND62AJQKN8RW603,2025-12-11T18:08:42.617499912Z
01KC79NG2X8VPH2T9T0N91K7YF,01KC792NZQW5MQZPSHSTMQ5DHE,2025-12-11T18:09:41.469847909Z,01KC792P02FDQSKTX7R48P6G43,2025-12-11T18:09:41.469847909Z,01KC79G33FKHQAFQP3E0JXHPWT,2025-12-11T18:09:41.469847909Z
01KC79PBFX9K1CPK32SR15NJJS,01KC792PA4EJ6B9N1NVAP206ZD,2025-12-11T18:10:09.533375428Z,01KC792PAG0VBJYH8A5GGYPASS,2025-12-11T18:10:09.533375428Z,01KC79KA2QTXFQREVVACC2JAWT,2025-12-11T18:10:09.533375428Z
01KC79RQ5ZARW6M55RMMSK5KPD,01KC792QR6XXN61ZXWP8M9MPK8,2025-12-11T18:11:27.03968505Z,01KC792QRJCW2RMKD50WKTBMJB,2025-12-11T18:11:27.03968505Z,01KC79HX8SJ75JCT5T5G83CA15,2025-12-11T18:11:27.03968505Z
01KC79C6EF6102PJ63AGQN2J4N,01KC792RSWBXR1CBEJH052NEY8,2025-12-11T18:04:36.687930492Z,01KC792RTASY0JSKRRE5K8E1F9,2025-12-11T18:04:36.687930492Z,01KC7968GT4Y7W2K61YEZYYZ01,2025-12-11T18:04:36.687930492Z
01KC79HBCH28E400S684QFNBHH,01KC792RZXSW2VJJ9MYY3HWKT7,2025-12-11T18:07:25.585871179Z,01KC792S06J6QXCJ8HVDY29CGM,2025-12-11T18:07:25.585871179Z,01KC79ETZGJTNY1SR916TX5BKW,2025-12-11T18:07:25.585871179Z
01KC79NYXS9XPYDHFX0HNYDSPR,01KC792P4XAE965E30E0MR6EDR,2025-12-11T18:09:56.665793859Z,01KC792P58W4CSJFC6SH7MP77N,2025-12-11T18:09:56.665793859Z,01KC79F987YV6FKV0XWS3WEP6M,2025-12-11T18:09:56.665793859Z
01KC79N3BTGXA2PWED66JGHFET,01KC792NT3GNWPDN4K2DAPSNHC,2025-12-11T18:09:28.442786458Z,01KC792NTEQ8JKXK344BFAF58E,2025-12-11T18:09:28.442786458Z,01KC79FFZCYEFXMZGEYF857PHT,2025-12-11T18:09:28.442786458Z
01KC79NG35Y5MTXHB2TFHANX33,01KC792NZQW5MQZPSHSTMQ5DHE,2025-12-11T18:09:41.477048348Z,01KC792P02FDQSKTX7R48P6G43,2025-12-11T18:09:41.477048348Z,01KC79H1N3EJXB38V327AHPMFP,2025-12-11T18:09:41.477048348Z
01KC7AQ23KJ46VGMF29Y33FG3R,01KC79VK7TM02CNZ35QA1DJMGE,2025-12-11T18:28:01.267111191Z,01KC79VKMCBGAZ7NXS8D0WYXB0,2025-12-11T18:28:01.267111191Z,01KC7A3BW9FYP4AYCQFA2WBRTN,2025-12-11T18:28:01.267111191Z
01KC7A003VAKCRHX1NCGXGRAFB,01KC79VHE8PE9MZRMG71GAT5MW,2025-12-11T18:15:25.563926294Z,01KC79VHNW7FWHSXXSWMJ4BAAT,2025-12-11T18:15:25.563926294Z,01KC79VY63Y1KGVDNF07NS6BR3,2025-12-11T18:15:25.563926294Z
01KC7APNB5CQ8CB8QAPCH2FEJ1,01KC79VJXXPSPD2VWHGZ052C31,2025-12-11T18:27:48.197577281Z,01KC79VK797V9N954PGYD7K2K1,2025-12-11T18:27:48.197577281Z,01KC7AAP6FQ8ZR8D0NHHC5E3SR,2025-12-11T18:27:48.197577281Z
01KC79JWQAJWSGD5RS6N92MY0H,01KC792QXFDTTSEYSKJSE46MFT,2025-12-11T18:08:16.106379181Z,01KC792QXT26YC6BEFZ6Z9RW21,2025-12-11T18:08:16.106379181Z,01KC79CN37TTVYG5HR4XAAVDYW,2025-12-11T18:08:16.106379181Z
01KC79MA6KGWH6SVAK5V33QC34,01KC792NB401Z43FH75BN7VEQG,2025-12-11T18:09:02.67594533Z,01KC792NBGNJFX9E924E6B4P1D,2025-12-11T18:09:02.67594533Z,01KC79GCWM9WHGR9R4SX5XBRJ6,2025-12-11T18:09:02.67594533Z
01KC79XVAQZGCEPR29GGXPR6CT,01KC79Q5TFKGNAN8RQVVBH04JK,2025-12-11T18:14:15.127681475Z,01KC79Q5VKEKA6F68YHYY2PTG3,2025-12-11T18:14:15.127681475Z,01KC79MW7H7X45AY5T7G8TZJ44,2025-12-11T18:14:15.127681475Z
01KC79RHBA4RJS4C22Z3VTP864,01KC792QK3NQ9YQBMVC4J2ZJYJ,2025-12-11T18:11:21.066248368Z,01KC792QKEWXFRRJ193215MS3Y,2025-12-11T18:11:21.066248368Z,01KC79FVG65F2QE0J459PXW400,2025-12-11T18:11:21.066248368Z
01KC7A0X4S6ACW89JVCV7429TN,01KC79VHM39RKDQ5AVAA0Z0XN2,2025-12-11T18:15:55.289776694Z,01KC79VHQXS5144TA5BP0D53S4,2025-12-11T18:15:55.289776694Z,01KC79VX4YMXCPQF7J5T6S5JJH,2025-12-11T18:15:55.289776694Z
01KC7A7H1BTQB1BNST6J3TAWYX,01KC79VJ7VQR2HR116V55XY14K,2025-12-11T18:19:32.26802507Z,01KC79VJDQXC2W66T6DBS0M1ZZ,2025-12-11T18:19:32.26802507Z,01KC79YVX8PSX2NTZ222FJ32NZ,2025-12-11T18:19:32.26802507Z
01KC79HQ9PSXTXXWSP7V3Y798J,01KC792S5XKA02FKX43NFPRQY2,2025-12-11T18:07:37.78276735Z,01KC792S662BJ5HPY24M0VV8VJ,2025-12-11T18:07:37.78276735Z,01KC79EZNG9TKMRXJ42Q2PD9ZM,2025-12-11T18:07:37.78276735Z
01KC79K4STR5YNK5NJ47A368QP,01KC792Q82X2T1YA3GQS9WQQTM,2025-12-11T18:08:24.378337122Z,01KC792Q8CHHGA8FER6C9SCFBH,2025-12-11T18:08:24.378337122Z,01KC79C5QHJNWZ7FV9P5YRT489,2025-12-11T18:08:24.378337122Z
01KC79NYY09RQYMW07GYHM12XS,01KC792P4XAE965E30E0MR6EDR,2025-12-11T18:09:56.672454018Z,01KC792P58W4CSJFC6SH7MP77N,2025-12-11T18:09:56.672454018Z,01KC79FVZJ8N912QXJ50TRT1T9,2025-12-11T18:09:56.672454018Z
01KC79PQ8NSWR316NB3KE5H95C,01KC792PMN6AE3E5M91Z7BDJS6,2025-12-11T18:10:21.589552416Z,01KC792PN2B9Z90QKN7KTG1F5T,2025-12-11T18:10:21.589552416Z,01KC79H85M2SJHCG7ES7XGG024,2025-12-11T18:10:21.589552416Z
01KC79X6N0G25HH25DF00AJEXZ,01KC79Q50SQ8H9GXYFGG5PGKA0,2025-12-11T18:13:53.95256941Z,01KC79Q51TSE0QP3RTFEE09C80,2025-12-11T18:13:53.95256941Z,01KC79J4CZPCPM11HP3329C7P5,2025-12-11T18:13:53.95256941Z
01KC79X6MF57F9SS11EMBG6CJE,01KC79Q50SQ8H9GXYFGG5PGKA0,2025-12-11T18:13:53.935951017Z,01KC79Q51TSE0QP3RTFEE09C80,2025-12-11T18:13:53.935951017Z,01KC79HER2FGGR3BXPEB7P7248,2025-12-11T18:13:53.935951017Z
01KC7AADFSRZCPJHF75HW5YW3Z,01KC79VJE7CNPF3WFGNWFS1AX9,2025-12-11T18:21:06.937145548Z,01KC79VJRN83Z6TJ4WRC66DE0Y,2025-12-11T18:21:06.937145548Z,01KC7A1KQ313ZNXQCVJ2X1ACYZ,2025-12-11T18:21:06.937145548Z
01KC7AE7SQQQYSPJ5RENZCSBCE,01KC79VJKE866YDMKWKSSCRSG8,2025-12-11T18:23:12.183636911Z,01KC79VK0HYCMYG94EPY3TV8PH,2025-12-11T18:23:12.183636911Z,01KC7A5GT6H5TCTEA2VECMEPXZ,2025-12-11T18:23:12.183636911Z
01KC79KPKPY29BZJSKX9X29B7E,01KC792PRTZHWRJ2KMDQQMG00W,2025-12-11T18:08:42.61473581Z,01KC792PS59W7MMQWZYWR4N84V,2025-12-11T18:08:42.61473581Z,01KC79E198HBBFT474WAZVAMA1,2025-12-11T18:08:42.61473581Z
01KC79MS66MK29FQTY0E4X9DXH,01KC792NHQWGSTE39SGFFP76GE,2025-12-11T18:09:18.022230867Z,01KC792NJ42D4D8E76QXEYJGPD,2025-12-11T18:09:18.022230867Z,01KC79FPJDMB15RFN8WJV95WFR,2025-12-11T18:09:18.022230867Z
01KC79RHBQ64R2C2R39F8C3ZYH,01KC792QK3NQ9YQBMVC4J2ZJYJ,2025-12-11T18:11:21.079473831Z,01KC792QKEWXFRRJ193215MS3Y,2025-12-11T18:11:21.079473831Z,01KC79GNS1S2AW9A3YTCFXMHYJ,2025-12-11T18:11:21.079473831Z
01KC79PBFJGY2R76GD2N0T2VCZ,01KC792PA4EJ6B9N1NVAP206ZD,2025-12-11T18:10:09.522631287Z,01KC792PAG0VBJYH8A5GGYPASS,2025-12-11T18:10:09.522631287Z,01KC79GH487QQARMV8E7TJ7T2Z,2025-12-11T18:10:09.522631287Z
01KC79ZG2VEM3HC4DD61C410XB,01KC79VH8D3XDVE6Y37QAVSJQX,2025-12-11T18:15:09.147335375Z,01KC79VHBZ10QQXP0BWPHPEQ88,2025-12-11T18:15:09.147335375Z,01KC79W51Q0GQDX7Z8G2F8XC3N,2025-12-11T18:15:09.147335375Z
01KC7A2DJS65SDJ4MFWHHNCG0F,01KC79VHVA3W05MJ5T7R51WJGB,2025-12-11T18:16:44.889413595Z,01KC79VJ1C3ZDY5HF0N9GH13VS,2025-12-11T18:16:44.889413595Z,01KC79S4E338TQNHPJA57N6PRE,2025-12-11T18:16:44.889413595Z
01KC79PXG8X1H0FTY4BE1J1QH8,01KC792Q2KDA3A5X63Y7FG3Z7J,2025-12-11T18:10:27.976800545Z,01KC792Q2YZQWMD1AZ7DV21XYT,2025-12-11T18:10:27.976800545Z,01KC79J1B7PG9ZXDY025TNWBPA,2025-12-11T18:10:27.976800545Z
01KC7A0037S040F90HTEE54Z27,01KC79VHE8PE9MZRMG71GAT5MW,2025-12-11T18:15:25.543141147Z,01KC79VHNW7FWHSXXSWMJ4BAAT,2025-12-11T18:15:25.543141147Z,01KC79K0V50SP04EJBDH0RXGDM,2025-12-11T18:15:25.543141147Z
01KC79C6EGRKMMTJ3572NJRGG6,01KC792RSWBXR1CBEJH052NEY8,2025-12-11T18:04:36.688215088Z,01KC792RTASY0JSKRRE5K8E1F9,2025-12-11T18:04:36.688215088Z,01KC798AXBJNYSY9QD94M2Z2W4,2025-12-11T18:04:36.688215088Z
01KC79GMH7127NH88C1VXYQWA1,01KC792RKV2EEPDB2VKNCS5H0N,2025-12-11T18:07:02.183226501Z,01KC792RM5H8250G7S7JGPBJ2K,2025-12-11T18:07:02.183226501Z,01KC79EYJ405F0Q5FFB0CNTKPE,2025-12-11T18:07:02.183226501Z
01KC79PXG02WXRESVNJCYA0MDT,01KC792Q2KDA3A5X63Y7FG3Z7J,2025-12-11T18:10:27.968883701Z,01KC792Q2YZQWMD1AZ7DV21XYT,2025-12-11T18:10:27.968883701Z,01KC79FJ1AZ301480R5J03MPQZ,2025-12-11T18:10:27.968883701Z
01KC7BNF9NNTGSXY1THGZ4YZKD,01KC79X2YHB00QNBFZQY5QH2DZ,2025-12-11T18:44:37.81365205Z,01KC79X3KPYBRKKGVN4JT64MTF,2025-12-11T18:44:37.81365205Z,01KC7B94F4XX68YHBM7ZRFE46E,2025-12-11T18:44:37.81365205Z
01KC79M3HZQ6MF8FE958D9YZWS,01KC792KZR2KPNFT8RETH9PVJY,2025-12-11T18:08:55.871416966Z,01KC792M0BM7GTS3CCE5Y5ZV08,2025-12-11T18:08:55.871416966Z,01KC79GB6BP1RTRJCNVY3CJYQF,2025-12-11T18:08:55.871416966Z
01KC79PT6WXJ1E9AQAJ1ZGPNA2,01KC792PXGTWWGJ3W8WN91YRG2,2025-12-11T18:10:24.604764905Z,01KC792PXTR0N6KYBS1YKZHZ15,2025-12-11T18:10:24.604764905Z,01KC79F5KVWH11A1HGCQZ9K72R,2025-12-11T18:10:24.604764905Z
01KC7A4YSDB98WF7KZ1YPQ6TFH,01KC79VJ1XZ02D6PCVP5WH7QJ5,2025-12-11T18:18:08.045544656Z,01KC79VJ6S95MS6XD8D1HAJ57N,2025-12-11T18:18:08.045544656Z,01KC79JH0R6P4AJXEP9MB1KQ0F,2025-12-11T18:18:08.045544656Z
01KC79MA6FWFZ2RJVKB6J587YN,01KC792NB401Z43FH75BN7VEQG,2025-12-11T18:09:02.671881105Z,01KC792NBGNJFX9E924E6B4P1D,2025-12-11T18:09:02.671881105Z,01KC79G73DX1BWBNNZBRW537F6,2025-12-11T18:09:02.671881105Z
01KC79MS68HJDCZQCJPGN8KC1J,01KC792NHQWGSTE39SGFFP76GE,2025-12-11T18:09:18.024829881Z,01KC792NJ42D4D8E76QXEYJGPD,2025-12-11T18:09:18.024829881Z,01KC79GYAFSP28S2CYRE337WFE,2025-12-11T18:09:18.024829881Z
01KC79R422HFHSP8MB3P0Q200G,01KC792QDM8ER77KTTG8XHXEJ6,2025-12-11T18:11:07.458779432Z,01KC792QDY5PWY64QNNCK4BSVK,2025-12-11T18:11:07.458779432Z,01KC79HT0F8XRMKEKFF8CCBQF5,2025-12-11T18:11:07.458779432Z
01KC79S02AFXW2KXRV3FAR5P3T,01KC792R3GAQ93Y2KWRDZ6PHKT,2025-12-11T18:11:36.13877604Z,01KC792R3VN56ANE0EJ3WM1V55,2025-12-11T18:11:36.13877604Z,01KC79MP2326D39SYQE8CY2BC7,2025-12-11T18:11:36.13877604Z
01KC79Z29SXGPDD7A753M2FE43,01KC79Q7J7QADCZGK8XSKJE216,2025-12-11T18:14:55.034032839Z,01KC79Q7KZQDNHF5M1TY59AJCV,2025-12-11T18:14:55.034032839Z,01KC79VJYGBR0EM7VEEMCE0MFN,2025-12-11T18:14:55.034032839Z
01KC7AADEWV9MEPXKTVQX4KMWN,01KC79VJE7CNPF3WFGNWFS1AX9,2025-12-11T18:21:06.908093592Z,01KC79VJRN83Z6TJ4WRC66DE0Y,2025-12-11T18:21:06.908093592Z,01KC79W2774N3YJ8ZFWVXYQRRP,2025-12-11T18:21:06.908093592Z
01KC79GJV01W3DWW4Y149036WE,01KC792RDGGK8CDH8Q95GZY5QB,2025-12-11T18:07:00.448097377Z,01KC792RDTTPADJ08M6VFTYHNX,2025-12-11T18:07:00.448097377Z,01KC79F1NBN201MMNWZF2EF0XJ,2025-12-11T18:07:00.448097377Z
01KC79K4SWZWEJZESQ6D7Q6PPK,01KC792Q82X2T1YA3GQS9WQQTM,2025-12-11T18:08:24.38095981Z,01KC792Q8CHHGA8FER6C9SCFBH,2025-12-11T18:08:24.38095981Z,01KC79ENS0X8DN45NJYZF1KKZR,2025-12-11T18:08:24.38095981Z
01KC79PETKBYWPAVE1J23R30JS,01KC792PFK3W14G4ZFE0JVZG1C,2025-12-11T18:10:12.947238386Z,01KC792PFW6AVG96T52RTPX57B,2025-12-11T18:10:12.947238386Z,01KC79HNBJ2VX43MH80SACDQ3D,2025-12-11T18:10:12.947238386Z
